-- MySQL dump 10.13  Distrib 8.0.38, for Win64 (x86_64)
--
-- Host: localhost    Database: bpark
-- ------------------------------------------------------
-- Server version	8.0.41

/*!40101 SET @OLD_CHARACTER_SET_CLIENT=@@CHARACTER_SET_CLIENT */;
/*!40101 SET @OLD_CHARACTER_SET_RESULTS=@@CHARACTER_SET_RESULTS */;
/*!40101 SET @OLD_COLLATION_CONNECTION=@@COLLATION_CONNECTION */;
/*!50503 SET NAMES utf8 */;
/*!40103 SET @OLD_TIME_ZONE=@@TIME_ZONE */;
/*!40103 SET TIME_ZONE='+00:00' */;
/*!40014 SET @OLD_UNIQUE_CHECKS=@@UNIQUE_CHECKS, UNIQUE_CHECKS=0 */;
/*!40014 SET @OLD_FOREIGN_KEY_CHECKS=@@FOREIGN_KEY_CHECKS, FOREIGN_KEY_CHECKS=0 */;
/*!40101 SET @OLD_SQL_MODE=@@SQL_MODE, SQL_MODE='NO_AUTO_VALUE_ON_ZERO' */;
/*!40111 SET @OLD_SQL_NOTES=@@SQL_NOTES, SQL_NOTES=0 */;

--
-- Table structure for table `parking_sessions`
--

DROP TABLE IF EXISTS `parking_sessions`;
/*!40101 SET @saved_cs_client     = @@character_set_client */;
/*!50503 SET character_set_client = utf8mb4 */;
CREATE TABLE `parking_sessions` (
  `session_id` int NOT NULL AUTO_INCREMENT,
  `parking_code` varchar(50) DEFAULT NULL,
  `start_time` datetime NOT NULL,
  `duration` int NOT NULL,
  `last_extension_time` datetime DEFAULT NULL,
  `status` enum('RESERVED','ACTIVE','COMPLETED','CANCELLED') DEFAULT 'RESERVED',
  `extension_count` int DEFAULT '0',
  `space_id` varchar(10) CHARACTER SET utf8mb4 COLLATE utf8mb4_0900_ai_ci NOT NULL,
  `subscriber_id` varchar(50) CHARACTER SET utf8mb4 COLLATE utf8mb4_unicode_ci NOT NULL,
  PRIMARY KEY (`session_id`),
  UNIQUE KEY `parking_code` (`parking_code`),
  KEY `space_id` (`space_id`),
  KEY `subscriber_id` (`subscriber_id`),
  KEY `idx_status` (`status`),
  CONSTRAINT `parking_sessions_ibfk_1` FOREIGN KEY (`space_id`) REFERENCES `parkingspots` (`spot_id`),
  CONSTRAINT `parking_sessions_ibfk_2` FOREIGN KEY (`subscriber_id`) REFERENCES `subscribers` (`subscriber_id`)
) ENGINE=InnoDB AUTO_INCREMENT=122 DEFAULT CHARSET=utf8mb4 COLLATE=utf8mb4_0900_ai_ci;
/*!40101 SET character_set_client = @saved_cs_client */;

--
-- Dumping data for table `parking_sessions`
--

LOCK TABLES `parking_sessions` WRITE;
/*!40000 ALTER TABLE `parking_sessions` DISABLE KEYS */;
INSERT INTO `parking_sessions` VALUES (3,'NAAMA123','2025-06-20 20:00:18',30,'2025-06-20 20:30:18','COMPLETED',0,'A10','486994316'),(4,'GYAN456','2025-06-20 19:00:18',45,'2025-06-20 20:00:18','COMPLETED',1,'A1','604573513'),(5,'BP-20250630-0E03','2025-06-30 17:09:20',240,NULL,'COMPLETED',0,'A1','604573513'),(6,'BP-20250630-DA2E','2025-06-30 17:33:59',240,NULL,'COMPLETED',0,'A1','486994316'),(7,'BP-20250701-26D2','2025-07-01 11:47:50',240,NULL,'COMPLETED',0,'A1','604573513'),(8,'BP-20250702-95CD','2025-07-02 16:10:02',226,NULL,'COMPLETED',0,'A11','SUB-9946'),(9,'BP-20250702-A702','2025-07-02 16:10:58',311,NULL,'COMPLETED',0,'A14','604573513'),(10,'BP-20250702-A05E','2025-07-02 17:51:49',121,NULL,'COMPLETED',0,'A15','604573513'),(11,'BP-20250703-0F04','2025-07-03 17:05:01',5531,NULL,'ACTIVE',0,'A11','SUB-9946'),(12,'BP-20250703-CCF4','2025-07-03 17:06:35',1192,NULL,'COMPLETED',0,'A14','604573513'),(13,'BP-20250703-0DB0','2025-07-03 18:09:16',5466,NULL,'ACTIVE',0,'A15','SUB-CCC8'),(14,'BP-20250704-B2CE','2025-07-04 17:05:00',236,'2025-07-04 17:18:00','RESERVED',1,'A14','SUB-CCC8'),(15,'BP-20250704-6D6E','2025-07-05 00:23:00',612,'2025-07-05 01:14:00','RESERVED',2,'A16','SUB-9946'),(17,'BP-20250704-4239','2025-07-05 06:46:00',204,NULL,'COMPLETED',0,'A11','486994316'),(21,'BP-20250704-64CE','2025-07-04 23:16:00',504,NULL,'COMPLETED',0,'A15','SUB-XY12'),(22,'BP-20250704-7FFC','2025-07-04 18:19:00',1011,NULL,'CANCELLED',0,'A11','486994316'),(23,'BP-20250704-9AF3','2025-07-05 08:10:00',1259,'2025-07-05 08:53:00','COMPLETED',1,'A1','SUB-XY12'),(24,'BP-20250704-91F8','2025-07-05 08:03:00',573,'2025-07-05 08:50:00','CANCELLED',1,'A16','486994316'),(25,'BP-20250704-EC28','2025-07-04 09:23:00',1393,NULL,'RESERVED',0,'A15','SUB-9946'),(28,'BP-20250704-AB9C','2025-07-04 16:46:00',847,'2025-07-04 17:17:00','RESERVED',3,'A11','SUB-XY12'),(29,'BP-20250704-74C1','2025-07-05 05:43:00',877,NULL,'RESERVED',0,'A11','SUB-CCC8'),(30,'BP-20250704-E57E','2025-07-05 05:42:00',580,'2025-07-05 06:30:00','CANCELLED',2,'A14','SUB-CCC8'),(31,'BP-20250704-DD6D','2025-07-04 18:47:00',721,'2025-07-04 19:40:00','COMPLETED',3,'A11','486994316'),(32,'BP-20250704-EED5','2025-07-04 17:19:00',247,NULL,'CANCELLED',0,'A11','SUB-XY12'),(33,'BP-20250704-AE3E','2025-07-04 18:48:00',639,'2025-07-04 19:24:00','COMPLETED',3,'A1','604573513'),(34,'BP-20250704-3BF2','2025-07-04 13:59:00',726,NULL,'RESERVED',0,'A11','SUB-XY12'),(35,'BP-20250704-CDE2','2025-07-05 07:37:00',348,'2025-07-05 08:34:00','COMPLETED',3,'A16','SUB-CCC8'),(36,'BP-20250704-A55F','2025-07-05 07:49:00',318,'2025-07-05 08:32:00','COMPLETED',2,'A16','486994316'),(37,'BP-20250704-AE21','2025-07-04 21:32:00',293,NULL,'CANCELLED',0,'A14','SUB-CCC8'),(39,'BP-20250704-E5E4','2025-07-04 14:16:00',1398,'2025-07-04 14:48:00','RESERVED',2,'A16','SUB-XY12'),(40,'BP-20250704-58CA','2025-07-04 22:15:00',1274,'2025-07-04 22:47:00','RESERVED',3,'A14','486994316'),(41,'BP-20250704-25CF','2025-07-04 19:46:00',733,NULL,'RESERVED',0,'A16','604573513'),(42,'BP-20250704-2A6D','2025-07-05 03:06:00',1238,'2025-07-05 03:24:00','RESERVED',1,'A16','604573513'),(43,'BP-20250704-6E8A','2025-07-04 15:50:00',1266,'2025-07-04 16:34:00','COMPLETED',1,'A11','SUB-9946'),(45,'BP-20250704-B7D6','2025-07-04 17:16:00',332,'2025-07-04 17:32:00','RESERVED',2,'A15','SUB-CCC8'),(47,'BP-20250704-C1DF','2025-07-04 20:58:00',566,NULL,'CANCELLED',0,'A15','486994316'),(48,'BP-20250704-F6CC','2025-07-05 00:56:00',1245,NULL,'COMPLETED',0,'A14','SUB-9946'),(49,'BP-20250704-ECE6','2025-07-04 23:59:00',1089,'2025-07-05 00:31:00','CANCELLED',3,'A11','604573513'),(50,'BP-20250704-8BC9','2025-07-05 01:35:00',1307,'2025-07-05 01:46:00','RESERVED',3,'A11','SUB-XY12'),(51,'BP-20250704-B0CA','2025-07-04 18:06:00',589,'2025-07-04 18:21:00','RESERVED',3,'A16','SUB-XY12'),(52,'BP-20250704-1DAB','2025-07-05 05:59:00',903,'2025-07-05 06:36:00','CANCELLED',1,'A14','SUB-XY12'),(53,'BP-20250704-752B','2025-07-04 15:10:00',1123,'2025-07-04 15:33:00','RESERVED',2,'A1','486994316'),(54,'BP-20250704-330C','2025-07-04 12:04:00',497,NULL,'RESERVED',0,'A14','SUB-9946'),(55,'BP-20250704-BBEB','2025-07-04 11:51:00',366,'2025-07-04 12:25:00','CANCELLED',1,'A11','SUB-9946'),(56,'BP-20250704-3A0B','2025-07-04 19:46:00',267,'2025-07-04 20:33:00','CANCELLED',3,'A16','SUB-9946'),(58,'BP-20250704-AFD7','2025-07-05 03:16:00',282,'2025-07-05 03:58:00','CANCELLED',3,'A1','604573513'),(59,'BP-20250704-E328','2025-07-05 04:49:00',959,NULL,'CANCELLED',0,'A11','604573513'),(60,'BP-20250704-BB82','2025-07-05 07:00:00',814,'2025-07-05 07:38:00','CANCELLED',2,'A14','SUB-CCC8'),(61,'BP-20250704-5304','2025-07-05 07:20:00',1298,'2025-07-05 07:42:00','COMPLETED',1,'A16','604573513'),(62,'BP-20250704-04D3','2025-07-05 04:35:00',60,'2025-07-05 05:20:00','CANCELLED',3,'A1','SUB-9946'),(63,'BP-20250704-B55E','2025-07-04 10:44:00',4472,'2025-07-04 11:16:00','ACTIVE',2,'A14','604573513'),(65,'BP-20250704-F8DD','2025-07-04 15:20:00',4196,'2025-07-04 15:48:00','ACTIVE',3,'A14','SUB-9946'),(66,'BP-20250704-572C','2025-07-05 02:02:00',911,'2025-07-05 02:55:00','COMPLETED',2,'A1','SUB-XY12'),(67,'BP-20250704-4962','2025-07-04 13:09:00',814,'2025-07-04 13:29:00','CANCELLED',2,'A11','SUB-CCC8'),(68,'BP-20250704-039F','2025-07-05 00:18:00',818,'2025-07-05 00:51:00','CANCELLED',1,'A11','604573513'),(69,'BP-20250704-E279','2025-07-04 21:11:00',459,NULL,'CANCELLED',0,'A16','486994316'),(71,'BP-20250704-4472','2025-07-04 10:33:00',403,'2025-07-04 11:32:00','COMPLETED',1,'A15','SUB-CCC8'),(72,'BP-20250704-3AC2','2025-07-04 18:06:00',795,'2025-07-04 18:18:00','RESERVED',3,'A16','486994316'),(73,'BP-20250704-9117','2025-07-04 13:26:00',145,'2025-07-04 14:12:00','CANCELLED',3,'A16','604573513'),(74,'BP-20250704-567F','2025-07-04 23:44:00',913,NULL,'CANCELLED',0,'A15','604573513'),(75,'BP-20250704-A495','2025-07-04 11:57:00',519,'2025-07-04 12:42:00','RESERVED',1,'A1','604573513'),(76,'BP-20250704-F3FA','2025-07-04 22:30:00',1154,'2025-07-04 23:27:00','RESERVED',2,'A1','604573513'),(77,'BP-20250704-D3F6','2025-07-04 14:47:00',4229,'2025-07-04 15:34:00','ACTIVE',1,'A15','SUB-9946'),(78,'BP-20250704-7C85','2025-07-04 14:13:00',732,NULL,'COMPLETED',0,'A15','486994316'),(80,'BP-20250704-FA85','2025-07-05 08:00:00',1147,NULL,'CANCELLED',0,'A16','SUB-XY12'),(83,'BP-20250704-8D09','2025-07-05 00:53:00',284,'2025-07-05 01:11:00','CANCELLED',3,'A15','SUB-XY12'),(85,'BP-20250704-209B','2025-07-05 07:55:00',1051,'2025-07-05 08:10:00','RESERVED',3,'A11','SUB-XY12'),(86,'BP-20250704-6537','2025-07-05 01:13:00',199,NULL,'CANCELLED',0,'A14','SUB-9946'),(87,'BP-20250704-364D','2025-07-05 08:17:00',213,NULL,'RESERVED',0,'A16','486994316'),(88,'BP-20250704-61D1','2025-07-05 02:06:00',1112,NULL,'COMPLETED',0,'A16','SUB-XY12'),(89,'BP-20250704-EC74','2025-07-04 20:17:00',622,'2025-07-04 21:07:00','COMPLETED',1,'A11','SUB-CCC8'),(90,'BP-20250704-A452','2025-07-04 14:06:00',789,'2025-07-04 15:06:00','CANCELLED',1,'A11','SUB-CCC8'),(91,'BP-20250704-4B0D','2025-07-04 14:55:00',580,'2025-07-04 15:23:00','CANCELLED',1,'A11','604573513'),(93,'BP-20250704-4C32','2025-07-05 01:56:00',905,'2025-07-05 02:31:00','COMPLETED',3,'A1','604573513'),(94,'BP-20250704-DBC4','2025-07-04 23:08:00',81,'2025-07-04 23:46:00','COMPLETED',2,'A1','604573513'),(95,'BP-20250704-0412','2025-07-05 00:29:00',1078,NULL,'CANCELLED',0,'A1','SUB-XY12'),(96,'BP-20250704-BD20','2025-07-05 02:59:00',220,'2025-07-05 03:20:00','CANCELLED',3,'A15','486994316'),(98,'BP-20250704-ED61','2025-07-04 10:07:00',1053,'2025-07-04 10:55:00','RESERVED',2,'A16','SUB-9946'),(99,'BP-20250704-182C','2025-07-04 22:39:00',832,'2025-07-04 23:27:00','RESERVED',3,'A16','486994316'),(100,'BP-20250704-9BD0','2025-07-05 02:21:00',169,'2025-07-05 02:43:00','CANCELLED',2,'A1','SUB-CCC8'),(101,'BP-20250704-03E7','2025-07-05 06:47:00',111,NULL,'COMPLETED',0,'A15','SUB-9946'),(103,'BP-20250704-8755','2025-07-04 13:57:00',757,'2025-07-04 14:25:00','CANCELLED',2,'A15','SUB-CCC8'),(104,'BP-20250704-F88F','2025-07-04 15:10:00',1361,'2025-07-04 15:51:00','RESERVED',1,'A16','SUB-9946'),(105,'BP-20250704-37BB','2025-07-05 00:44:00',1047,'2025-07-05 01:36:00','RESERVED',1,'A15','486994316'),(107,'BP-20250704-C512','2025-07-04 10:57:00',1089,'2025-07-04 11:38:00','COMPLETED',3,'A14','SUB-CCC8'),(108,'BP-20250704-EBF9','2025-07-05 05:17:00',683,'2025-07-05 06:14:00','RESERVED',3,'A16','486994316'),(109,'BP-20250704-6703','2025-07-04 19:07:00',368,'2025-07-04 19:25:00','RESERVED',2,'A16','SUB-9946'),(110,'BP-20250704-7FBC','2025-07-04 15:33:00',615,'2025-07-04 16:15:00','RESERVED',2,'A16','486994316'),(111,'BP-20250704-69C9','2025-07-04 15:47:00',4169,'2025-07-04 16:33:00','ACTIVE',3,'A1','SUB-XY12'),(112,'BP-20250704-E877','2025-07-04 23:49:00',798,'2025-07-05 00:24:00','COMPLETED',2,'A14','604573513'),(114,'BP-20250704-FB82','2025-07-04 15:11:00',4205,'2025-07-04 15:47:00','ACTIVE',2,'A16','SUB-XY12'),(115,'BP-20250704-1EFC','2025-07-04 20:13:00',389,'2025-07-04 21:12:00','COMPLETED',3,'A14','SUB-9946'),(116,'BP-20250704-F4B0','2025-07-05 07:55:00',167,NULL,'RESERVED',0,'A14','604573513'),(117,'BP-20250704-E6CA','2025-07-04 22:35:00',809,'2025-07-04 22:59:00','COMPLETED',1,'A15','604573513'),(118,'BP-20250704-6789','2025-07-04 16:07:00',734,NULL,'RESERVED',0,'A1','SUB-XY12'),(119,'BP-20250704-5932','2025-07-04 22:06:00',1184,NULL,'COMPLETED',0,'A16','486994316'),(120,'BP-20250704-C471','2025-07-04 12:50:15',4345,NULL,'ACTIVE',0,'A16','SUB-E539'),(121,'BP-20250706-D421','2025-07-06 17:54:21',1161,NULL,'ACTIVE',0,'A14','SUB-CCC8');
/*!40000 ALTER TABLE `parking_sessions` ENABLE KEYS */;
UNLOCK TABLES;

--
-- Table structure for table `parkingspots`
--

DROP TABLE IF EXISTS `parkingspots`;
/*!40101 SET @saved_cs_client     = @@character_set_client */;
/*!50503 SET character_set_client = utf8mb4 */;
CREATE TABLE `parkingspots` (
  `spot_id` varchar(10) NOT NULL,
  `spot_status` enum('AVAILABLE','RESERVED','OCCUPIED') NOT NULL DEFAULT 'AVAILABLE',
  PRIMARY KEY (`spot_id`)
) ENGINE=InnoDB DEFAULT CHARSET=utf8mb4 COLLATE=utf8mb4_0900_ai_ci;
/*!40101 SET character_set_client = @saved_cs_client */;

--
-- Dumping data for table `parkingspots`
--

LOCK TABLES `parkingspots` WRITE;
/*!40000 ALTER TABLE `parkingspots` DISABLE KEYS */;
INSERT INTO `parkingspots` VALUES ('A1','RESERVED'),('A10','RESERVED'),('A11','OCCUPIED'),('A12','OCCUPIED'),('A13','OCCUPIED'),('A14','OCCUPIED'),('A15','OCCUPIED'),('A16','OCCUPIED'),('A17','RESERVED'),('A18','OCCUPIED'),('A19','AVAILABLE'),('A2','AVAILABLE'),('A20','OCCUPIED'),('A21','AVAILABLE'),('A22','AVAILABLE'),('A23','AVAILABLE'),('A24','AVAILABLE'),('A25','AVAILABLE'),('A26','AVAILABLE'),('A27','AVAILABLE'),('A28','AVAILABLE'),('A29','AVAILABLE'),('A3','AVAILABLE'),('A30','AVAILABLE'),('A31','AVAILABLE'),('A32','OCCUPIED'),('A33','AVAILABLE'),('A34','AVAILABLE'),('A35','AVAILABLE'),('A36','OCCUPIED'),('A37','OCCUPIED'),('A38','AVAILABLE'),('A39','AVAILABLE'),('A4','OCCUPIED'),('A40','AVAILABLE'),('A41','OCCUPIED'),('A42','AVAILABLE'),('A43','AVAILABLE'),('A44','AVAILABLE'),('A45','AVAILABLE'),('A46','AVAILABLE'),('A47','AVAILABLE'),('A48','AVAILABLE'),('A49','AVAILABLE'),('A5','AVAILABLE'),('A50','AVAILABLE'),('A6','AVAILABLE'),('A7','AVAILABLE'),('A8','AVAILABLE'),('A9','OCCUPIED'),('B1','AVAILABLE'),('B10','AVAILABLE'),('B11','AVAILABLE'),('B12','AVAILABLE'),('B13','AVAILABLE'),('B14','OCCUPIED'),('B15','AVAILABLE'),('B16','OCCUPIED'),('B17','AVAILABLE'),('B18','AVAILABLE'),('B19','OCCUPIED'),('B2','AVAILABLE'),('B20','AVAILABLE'),('B21','OCCUPIED'),('B22','AVAILABLE'),('B23','AVAILABLE'),('B24','OCCUPIED'),('B25','AVAILABLE'),('B26','AVAILABLE'),('B27','AVAILABLE'),('B28','AVAILABLE'),('B29','AVAILABLE'),('B3','OCCUPIED'),('B30','OCCUPIED'),('B31','AVAILABLE'),('B32','AVAILABLE'),('B33','AVAILABLE'),('B34','AVAILABLE'),('B35','AVAILABLE'),('B36','AVAILABLE'),('B37','AVAILABLE'),('B38','AVAILABLE'),('B39','AVAILABLE'),('B4','AVAILABLE'),('B40','OCCUPIED'),('B41','OCCUPIED'),('B42','AVAILABLE'),('B43','AVAILABLE'),('B44','AVAILABLE'),('B45','AVAILABLE'),('B46','AVAILABLE'),('B47','OCCUPIED'),('B48','AVAILABLE'),('B49','AVAILABLE'),('B5','AVAILABLE'),('B50','AVAILABLE'),('B6','AVAILABLE'),('B7','AVAILABLE'),('B8','AVAILABLE'),('B9','OCCUPIED'),('C1','AVAILABLE'),('C10','AVAILABLE'),('C11','OCCUPIED'),('C12','AVAILABLE'),('C13','AVAILABLE'),('C14','OCCUPIED'),('C15','AVAILABLE'),('C16','OCCUPIED'),('C17','AVAILABLE'),('C18','AVAILABLE'),('C19','AVAILABLE'),('C2','AVAILABLE'),('C20','AVAILABLE'),('C21','OCCUPIED'),('C22','OCCUPIED'),('C23','AVAILABLE'),('C24','AVAILABLE'),('C25','OCCUPIED'),('C26','AVAILABLE'),('C27','AVAILABLE'),('C28','AVAILABLE'),('C29','AVAILABLE'),('C3','AVAILABLE'),('C30','AVAILABLE'),('C31','AVAILABLE'),('C32','AVAILABLE'),('C33','OCCUPIED'),('C34','OCCUPIED'),('C35','AVAILABLE'),('C36','AVAILABLE'),('C37','OCCUPIED'),('C38','AVAILABLE'),('C39','OCCUPIED'),('C4','OCCUPIED'),('C40','OCCUPIED'),('C41','OCCUPIED'),('C42','AVAILABLE'),('C43','AVAILABLE'),('C44','AVAILABLE'),('C45','AVAILABLE'),('C46','OCCUPIED'),('C47','OCCUPIED'),('C48','OCCUPIED'),('C49','AVAILABLE'),('C5','AVAILABLE'),('C50','AVAILABLE'),('C6','AVAILABLE'),('C7','AVAILABLE'),('C8','AVAILABLE'),('C9','AVAILABLE'),('D1','AVAILABLE'),('D10','AVAILABLE'),('D11','AVAILABLE'),('D12','AVAILABLE'),('D13','AVAILABLE'),('D14','AVAILABLE'),('D15','AVAILABLE'),('D16','OCCUPIED'),('D17','AVAILABLE'),('D18','AVAILABLE'),('D19','AVAILABLE'),('D2','OCCUPIED'),('D20','AVAILABLE'),('D21','AVAILABLE'),('D22','OCCUPIED'),('D23','OCCUPIED'),('D24','AVAILABLE'),('D25','AVAILABLE'),('D26','OCCUPIED'),('D27','AVAILABLE'),('D28','OCCUPIED'),('D29','AVAILABLE'),('D3','AVAILABLE'),('D30','AVAILABLE'),('D31','AVAILABLE'),('D32','OCCUPIED'),('D33','OCCUPIED'),('D34','AVAILABLE'),('D35','OCCUPIED'),('D36','AVAILABLE'),('D37','OCCUPIED'),('D38','AVAILABLE'),('D39','OCCUPIED'),('D4','AVAILABLE'),('D40','AVAILABLE'),('D41','AVAILABLE'),('D42','AVAILABLE'),('D43','AVAILABLE'),('D44','AVAILABLE'),('D45','AVAILABLE'),('D46','AVAILABLE'),('D47','OCCUPIED'),('D48','AVAILABLE'),('D49','AVAILABLE'),('D5','AVAILABLE'),('D50','AVAILABLE'),('D6','AVAILABLE'),('D7','AVAILABLE'),('D8','OCCUPIED'),('D9','AVAILABLE');
/*!40000 ALTER TABLE `parkingspots` ENABLE KEYS */;
UNLOCK TABLES;

--
-- Table structure for table `reservations`
--

DROP TABLE IF EXISTS `reservations`;
/*!40101 SET @saved_cs_client     = @@character_set_client */;
/*!50503 SET character_set_client = utf8mb4 */;
CREATE TABLE `reservations` (
  `res_id` varchar(50) CHARACTER SET utf8mb4 COLLATE utf8mb4_unicode_ci NOT NULL,
  `confirmation_code` varchar(50) CHARACTER SET utf8mb4 COLLATE utf8mb4_unicode_ci NOT NULL,
  `reservation_status` enum('PENDING','CONFIRMED','CANCELLED') CHARACTER SET utf8mb4 COLLATE utf8mb4_unicode_ci NOT NULL DEFAULT 'PENDING',
  `start_time` datetime NOT NULL,
  `duration` int NOT NULL,
  `sub_id` varchar(50) CHARACTER SET utf8mb4 COLLATE utf8mb4_unicode_ci NOT NULL,
  `space_id` varchar(10) CHARACTER SET utf8mb4 COLLATE utf8mb4_0900_ai_ci NOT NULL,
  PRIMARY KEY (`res_id`),
  UNIQUE KEY `confirmation_code_UNIQUE` (`confirmation_code`),
  KEY `sub_id` (`sub_id`),
  KEY `space_id` (`space_id`),
  CONSTRAINT `reservations_ibfk_1` FOREIGN KEY (`sub_id`) REFERENCES `subscribers` (`subscriber_id`),
  CONSTRAINT `reservations_ibfk_2` FOREIGN KEY (`space_id`) REFERENCES `parkingspots` (`spot_id`)
) ENGINE=InnoDB DEFAULT CHARSET=utf8mb4 COLLATE=utf8mb4_unicode_ci;
/*!40101 SET character_set_client = @saved_cs_client */;

--
-- Dumping data for table `reservations`
--

LOCK TABLES `reservations` WRITE;
/*!40000 ALTER TABLE `reservations` DISABLE KEYS */;
INSERT INTO `reservations` VALUES ('Res-77f27e95','Con-77f27e95','PENDING','2026-07-21 06:30:00',240,'604573513','A17'),('Res-857cf3aa','Con-857cf3aa','PENDING','2025-07-07 04:07:00',240,'604573513','A10'),('Res-a3fd7e1a','Con-a3fd7e1a','PENDING','2025-07-04 09:00:00',240,'SUB-E539','A1');
/*!40000 ALTER TABLE `reservations` ENABLE KEYS */;
UNLOCK TABLES;

--
-- Table structure for table `subscribers`
--

DROP TABLE IF EXISTS `subscribers`;
/*!40101 SET @saved_cs_client     = @@character_set_client */;
/*!50503 SET character_set_client = utf8mb4 */;
CREATE TABLE `subscribers` (
  `subscriber_id` varchar(50) CHARACTER SET utf8mb4 COLLATE utf8mb4_unicode_ci NOT NULL,
  `name` varchar(100) CHARACTER SET utf8mb4 COLLATE utf8mb4_unicode_ci NOT NULL,
  `phone_number` varchar(20) CHARACTER SET utf8mb4 COLLATE utf8mb4_unicode_ci DEFAULT NULL,
  `email` varchar(100) CHARACTER SET utf8mb4 COLLATE utf8mb4_unicode_ci DEFAULT NULL,
  PRIMARY KEY (`subscriber_id`)
) ENGINE=InnoDB DEFAULT CHARSET=utf8mb4 COLLATE=utf8mb4_unicode_ci;
/*!40101 SET character_set_client = @saved_cs_client */;

--
-- Dumping data for table `subscribers`
--

LOCK TABLES `subscribers` WRITE;
/*!40000 ALTER TABLE `subscribers` DISABLE KEYS */;
INSERT INTO `subscribers` VALUES ('486994316','Naama','0550000000','naama@gmail.com'),('604573513','Gyan Levy','0543328252','gyan812@gmail.com'),('SUB-9946','Avi Cohen','0543332820','avi1997@gmail.com'),('SUB-CCC8','Naama Burmil','0564646465','Naamaburmil@gmail.com'),('SUB-E539','Lama Khateeb','0542229898','Lama@gmail.com'),('SUB-XY12','Dummy SUB-XY12','0503099426','subxy12@example.com');
/*!40000 ALTER TABLE `subscribers` ENABLE KEYS */;
UNLOCK TABLES;
/*!40103 SET TIME_ZONE=@OLD_TIME_ZONE */;

/*!40101 SET SQL_MODE=@OLD_SQL_MODE */;
/*!40014 SET FOREIGN_KEY_CHECKS=@OLD_FOREIGN_KEY_CHECKS */;
/*!40014 SET UNIQUE_CHECKS=@OLD_UNIQUE_CHECKS */;
/*!40101 SET CHARACTER_SET_CLIENT=@OLD_CHARACTER_SET_CLIENT */;
/*!40101 SET CHARACTER_SET_RESULTS=@OLD_CHARACTER_SET_RESULTS */;
/*!40101 SET COLLATION_CONNECTION=@OLD_COLLATION_CONNECTION */;
/*!40111 SET SQL_NOTES=@OLD_SQL_NOTES */;

-- Dump completed on 2025-07-07 13:38:48
